country,sales_gbp,orders
United Kingdom,9025222.08,18019
Netherlands,285446.34,94
EIRE,283453.96,288
Germany,228867.14,457
France,209715.11,392
Australia,138521.31,57
Spain,61577.11,90
Switzerland,57089.90,54
Belgium,41196.34,98
Sweden,38378.33,36
Japan,37416.37,19
Norway,36165.44,36
Portugal,33747.10,58
Finland,22546.08,41
Singapore,21279.29,7
Channel Islands,20450.44,26
Denmark,18955.34,18
Italy,17483.24,38
Hong Kong,15691.80,11
Cyprus,13590.38,16
Austria,10198.68,17
Israel,8135.26,8
Poland,7334.65,19
Greece,4760.52,5
Unspecified,4749.79,13
Iceland,4310.00,7
Canada,3666.38,6
USA,3580.39,5
Malta,2725.59,5
United Arab Emirates,1902.28,3
Lebanon,1693.88,1
Lithuania,1661.06,4
European Community,1300.25,4
Brazil,1143.60,1
RSA,1002.31,1
Czech Republic,826.74,2
Bahrain,754.14,3
Saudi Arabia,145.92,1
